flight_id,source_file,channel,count,missing_count,missing_pct,min,max,mean,median,std,p25,p75,is_constant,impossible_value_flag
FLIGHT_01,log_210617_063632_LOWG.csv,E1 RPM,2783,1,0.036,0.0,2506.7,1898.74,2490.3,801.52,1149.4,2494.9,False,False
FLIGHT_01,log_210617_063632_LOWG.csv,E1 MAP,2783,1,0.036,7.02,36.86,24.73,29.28,9.24,14.84,35.34,False,False
FLIGHT_01,log_210617_063632_LOWG.csv,E1 FFlow,2783,1,0.036,0.0,38.62,16.66,13.6,13.27,4.8,35.3,False,False
FLIGHT_01,log_210617_063632_LOWG.csv,E1 OilT,2783,1,0.036,69.9,189.1,154.97,167.86,34.96,158.71,177.22,False,False
FLIGHT_01,log_210617_063632_LOWG.csv,E1 OilP,2783,1,0.036,0.1,65.3,46.38,49.69,14.3,47.94,52.27,False,False
FLIGHT_01,log_210617_063632_LOWG.csv,E1 CHT1,2783,1,0.036,73.33,355.26,278.04,295.4,79.59,262.15,340.04,False,False
FLIGHT_01,log_210617_063632_LOWG.csv,E1 CHT2,2783,1,0.036,69.33,342.22,262.87,277.8,78.32,244.34,328.87,False,False
FLIGHT_01,log_210617_063632_LOWG.csv,E1 CHT3,2783,1,0.036,72.81,362.21,279.66,293.9,81.95,262.5,348.48,False,False
FLIGHT_01,log_210617_063632_LOWG.csv,E1 CHT4,2783,1,0.036,68.6,347.11,271.52,285.72,79.57,260.0,331.68,False,False
FLIGHT_01,log_210617_063632_LOWG.csv,E1 CHT5,2783,1,0.036,73.42,345.32,268.53,290.14,76.52,258.58,331.46,False,False
FLIGHT_01,log_210617_063632_LOWG.csv,E1 CHT6,2783,1,0.036,68.98,355.17,270.01,283.41,81.09,248.58,334.25,False,False
FLIGHT_01,log_210617_063632_LOWG.csv,E1 EGT1,2783,1,0.036,83.53,1530.63,1166.35,1277.87,349.4,1078.59,1318.74,False,False
FLIGHT_01,log_210617_063632_LOWG.csv,E1 EGT2,2783,1,0.036,83.54,1551.07,1169.16,1307.36,358.4,1060.51,1327.26,False,False
FLIGHT_01,log_210617_063632_LOWG.csv,E1 EGT3,2783,1,0.036,83.54,1537.72,1167.79,1291.76,350.75,1083.87,1317.49,False,False
FLIGHT_01,log_210617_063632_LOWG.csv,E1 EGT4,2783,1,0.036,83.54,1562.16,1175.04,1285.93,352.35,1096.24,1309.86,False,False
FLIGHT_01,log_210617_063632_LOWG.csv,E1 EGT5,2783,1,0.036,83.53,1510.13,1160.34,1269.7,343.75,1079.65,1293.97,False,False
FLIGHT_01,log_210617_063632_LOWG.csv,E1 EGT6,2783,1,0.036,83.54,1522.96,1162.93,1247.14,343.76,1118.64,1311.04,False,False
FLIGHT_01,log_210617_063632_LOWG.csv,E1 TIT1,2783,1,0.036,83.54,1583.99,1171.57,1319.2,368.02,1029.35,1341.28,False,False
FLIGHT_01,log_210617_063632_LOWG.csv,E1 TIT2,2783,1,0.036,83.54,1595.32,1189.59,1327.82,372.15,1041.49,1373.58,False,False
FLIGHT_01,log_210617_063632_LOWG.csv,AltMSL,2721,1,0.036,870.6,9276.7,3780.23,2356.9,2946.97,1111.6,6772.9,False,False
FLIGHT_01,log_210617_063632_LOWG.csv,IAS,2785,1,0.036,-1.02,172.6,85.02,118.2,69.17,0.0,148.19,False,True
FLIGHT_01,log_210617_063632_LOWG.csv,OAT,2785,1,0.036,5.5,26.5,18.1,20.0,6.77,11.5,24.5,False,False
FLIGHT_01,log_210617_063632_LOWG.csv,volt1,2783,1,0.036,23.5,27.9,27.56,27.8,0.87,27.8,27.9,False,False
FLIGHT_01,log_210617_063632_LOWG.csv,amp1,2783,1,0.036,-13.8,7.5,0.92,1.0,2.2,0.9,1.7,False,False
FLIGHT_02,log_220417_125002_LFQA.csv,E1 RPM,2839,1,0.035,0.0,2490.7,2022.65,2469.6,730.78,1179.75,2472.9,False,False
FLIGHT_02,log_220417_125002_LFQA.csv,E1 MAP,2839,1,0.035,8.81,36.48,23.09,29.57,8.28,14.36,29.77,False,False
FLIGHT_02,log_220417_125002_LFQA.csv,E1 FFlow,2839,1,0.035,0.0,38.13,13.39,15.49,8.66,4.07,15.62,False,False
FLIGHT_02,log_220417_125002_LFQA.csv,E1 OilT,2836,1,0.035,66.99,186.33,161.04,177.5,34.3,166.32,181.62,False,False
FLIGHT_02,log_220417_125002_LFQA.csv,E1 OilP,2836,1,0.035,0.33,61.47,46.94,49.07,10.87,47.5,50.47,False,False
FLIGHT_02,log_220417_125002_LFQA.csv,E1 CHT1,2836,1,0.035,67.81,355.44,266.55,296.85,67.36,242.82,301.43,False,False
FLIGHT_02,log_220417_125002_LFQA.csv,E1 CHT2,2836,1,0.035,69.08,358.46,270.28,299.96,67.69,248.9,306.46,False,False
FLIGHT_02,log_220417_125002_LFQA.csv,E1 CHT3,2836,1,0.035,66.53,363.7,277.08,308.62,68.88,258.28,311.8,False,False
FLIGHT_02,log_220417_125002_LFQA.csv,E1 CHT4,2836,1,0.035,68.74,357.52,268.56,301.75,68.54,247.6,307.81,False,False
FLIGHT_02,log_220417_125002_LFQA.csv,E1 CHT5,2836,1,0.035,66.6,367.49,276.82,312.82,73.67,245.42,327.11,False,False
FLIGHT_02,log_220417_125002_LFQA.csv,E1 CHT6,2836,1,0.035,69.25,364.52,269.73,302.98,69.53,246.37,308.29,False,False
FLIGHT_02,log_220417_125002_LFQA.csv,E1 EGT1,2836,1,0.035,67.48,1531.49,1256.28,1310.49,310.61,1067.32,1498.96,False,False
FLIGHT_02,log_220417_125002_LFQA.csv,E1 EGT2,2836,1,0.035,68.11,1565.82,1276.3,1330.22,323.78,1065.91,1535.41,False,False
FLIGHT_02,log_220417_125002_LFQA.csv,E1 EGT3,2836,1,0.035,67.16,1545.29,1262.4,1324.39,314.54,1070.28,1508.42,False,False
FLIGHT_02,log_220417_125002_LFQA.csv,E1 EGT4,2836,1,0.035,68.2,1533.69,1268.9,1319.24,304.74,1118.63,1497.02,False,False
FLIGHT_02,log_220417_125002_LFQA.csv,E1 EGT5,2836,1,0.035,67.28,1547.85,1283.2,1327.09,306.38,1126.65,1521.95,False,False
FLIGHT_02,log_220417_125002_LFQA.csv,E1 EGT6,2836,1,0.035,68.86,1508.47,1254.17,1311.82,303.77,1086.6,1481.73,False,False
FLIGHT_02,log_220417_125002_LFQA.csv,E1 TIT1,2836,1,0.035,67.37,1568.65,1268.85,1339.1,339.58,1023.16,1546.96,False,False
FLIGHT_02,log_220417_125002_LFQA.csv,E1 TIT2,2836,1,0.035,65.13,1594.16,1283.08,1355.86,342.3,1031.5,1562.1,False,False
FLIGHT_02,log_220417_125002_LFQA.csv,AltMSL,2760,1,0.035,291.2,4534.3,2788.49,4201.7,1890.98,359.8,4512.8,False,False
FLIGHT_02,log_220417_125002_LFQA.csv,IAS,2838,1,0.035,-1.02,154.4,94.03,120.74,61.13,0.0,146.25,False,True
FLIGHT_02,log_220417_125002_LFQA.csv,OAT,2839,1,0.035,8.5,22.0,13.44,10.0,5.32,8.8,19.2,False,False
FLIGHT_02,log_220417_125002_LFQA.csv,volt1,2836,1,0.035,23.3,27.7,27.55,27.7,0.65,27.7,27.7,False,False
FLIGHT_02,log_220417_125002_LFQA.csv,amp1,2836,1,0.035,-7.8,6.8,1.19,0.9,1.84,0.5,1.9,False,False
FLIGHT_03,log_210613_115132_LDLO.csv,E1 RPM,4411,0,0.0,0.0,2506.5,2295.38,2493.8,494.64,2490.0,2495.8,False,False
FLIGHT_03,log_210613_115132_LDLO.csv,E1 MAP,4411,0,0.0,8.58,36.73,28.4,30.35,7.44,29.51,30.79,False,False
FLIGHT_03,log_210613_115132_LDLO.csv,E1 FFlow,4411,0,0.0,2.37,39.83,19.14,16.12,10.87,13.92,19.77,False,False
FLIGHT_03,log_210613_115132_LDLO.csv,E1 OilT,4411,0,0.0,149.98,195.28,178.84,178.28,9.01,172.85,185.76,False,False
FLIGHT_03,log_210613_115132_LDLO.csv,E1 OilP,4411,0,0.0,0.18,56.32,49.13,50.65,6.6,48.91,51.86,False,False
FLIGHT_03,log_210613_115132_LDLO.csv,E1 CHT1,4411,0,0.0,28.0,367.83,321.42,339.79,43.5,303.73,351.41,False,False
FLIGHT_03,log_210613_115132_LDLO.csv,E1 CHT2,4410,1,0.023,144.16,359.3,313.27,327.08,40.63,296.04,339.17,False,False
FLIGHT_03,log_210613_115132_LDLO.csv,E1 CHT3,4410,1,0.023,148.54,382.14,330.48,343.52,44.34,311.58,358.72,False,False
FLIGHT_03,log_210613_115132_LDLO.csv,E1 CHT4,4410,1,0.023,153.23,367.19,321.38,336.52,40.15,303.74,345.42,False,False
FLIGHT_03,log_210613_115132_LDLO.csv,E1 CHT5,4410,1,0.023,136.14,358.65,310.83,317.7,40.24,300.63,338.9,False,False
FLIGHT_03,log_210613_115132_LDLO.csv,E1 CHT6,4410,1,0.023,141.95,370.11,318.57,333.33,44.94,299.57,347.62,False,False
FLIGHT_03,log_210613_115132_LDLO.csv,E1 EGT1,4410,1,0.023,150.76,1584.77,1379.31,1468.16,196.45,1309.18,1507.58,False,False
FLIGHT_03,log_210613_115132_LDLO.csv,E1 EGT2,4410,1,0.023,156.36,1622.65,1394.63,1494.9,208.33,1308.66,1538.75,False,False
FLIGHT_03,log_210613_115132_LDLO.csv,E1 EGT3,4410,1,0.023,142.11,1615.48,1384.04,1483.74,196.27,1306.23,1512.86,False,False
FLIGHT_03,log_210613_115132_LDLO.csv,E1 EGT4,4410,1,0.023,142.27,1626.28,1394.79,1494.16,209.5,1297.38,1542.8,False,False
FLIGHT_03,log_210613_115132_LDLO.csv,E1 EGT5,4410,1,0.023,134.35,1562.93,1359.24,1453.01,181.3,1286.88,1465.1,False,False
FLIGHT_03,log_210613_115132_LDLO.csv,E1 EGT6,4410,1,0.023,122.6,1580.83,1364.57,1465.71,198.05,1260.18,1501.9,False,False
FLIGHT_03,log_210613_115132_LDLO.csv,E1 TIT1,4410,1,0.023,249.41,1658.94,1411.98,1517.16,223.45,1315.94,1577.93,False,False
FLIGHT_03,log_210613_115132_LDLO.csv,E1 TIT2,4410,1,0.023,234.44,1660.89,1422.29,1524.98,211.6,1354.99,1562.88,False,False
FLIGHT_03,log_210613_115132_LDLO.csv,AltMSL,4327,0,0.0,129.1,13525.1,8171.36,9392.5,4672.94,4169.1,12855.55,False,False
FLIGHT_03,log_210613_115132_LDLO.csv,IAS,4411,0,0.0,-1.08,176.64,121.85,141.9,51.48,126.4,151.95,False,True
FLIGHT_03,log_210613_115132_LDLO.csv,OAT,4411,0,0.0,-3.2,31.0,8.63,4.8,11.11,-0.8,17.0,False,False
FLIGHT_03,log_210613_115132_LDLO.csv,volt1,4411,0,0.0,23.6,27.9,27.77,27.8,0.47,27.8,27.9,False,False
FLIGHT_03,log_210613_115132_LDLO.csv,amp1,4411,0,0.0,-34.4,13.2,1.21,1.1,3.43,1.1,1.2,False,False
FLIGHT_04,log_211204_102045_EGLL.csv,E1 RPM,8112,0,0.0,694.5,2489.9,2185.26,2471.6,564.61,2464.6,2474.1,False,False
FLIGHT_04,log_211204_102045_EGLL.csv,E1 MAP,8113,0,0.0,7.12,37.78,20.63,17.62,7.63,14.01,28.08,False,False
FLIGHT_04,log_211204_102045_EGLL.csv,E1 FFlow,8112,0,0.0,1.81,41.45,14.89,15.43,8.74,10.97,17.09,False,False
FLIGHT_04,log_211204_102045_EGLL.csv,E1 OilT,8112,0,0.0,109.4,184.39,174.21,176.85,10.4,173.61,178.98,False,False
FLIGHT_04,log_211204_102045_EGLL.csv,E1 OilP,8112,0,0.0,19.1,54.35,48.54,50.51,5.79,49.64,51.22,False,False
FLIGHT_04,log_211204_102045_EGLL.csv,E1 CHT1,8112,0,0.0,212.31,337.7,278.76,277.4,27.76,264.12,293.79,False,False
FLIGHT_04,log_211204_102045_EGLL.csv,E1 CHT2,8112,0,0.0,214.35,341.01,278.51,279.58,27.68,259.64,297.23,False,False
FLIGHT_04,log_211204_102045_EGLL.csv,E1 CHT3,8112,0,0.0,221.57,357.85,282.86,280.98,28.73,264.28,300.95,False,False
FLIGHT_04,log_211204_102045_EGLL.csv,E1 CHT4,8112,0,0.0,219.58,336.28,275.44,272.03,27.65,258.11,295.76,False,False
FLIGHT_04,log_211204_102045_EGLL.csv,E1 CHT5,8112,0,0.0,211.21,351.14,281.63,277.36,35.24,253.5,310.18,False,False
FLIGHT_04,log_211204_102045_EGLL.csv,E1 CHT6,8112,0,0.0,203.91,333.34,272.68,276.47,30.52,253.22,290.24,False,False
FLIGHT_04,log_211204_102045_EGLL.csv,E1 EGT1,8112,0,0.0,885.78,1606.7,1279.79,1264.46,172.24,1224.45,1467.38,False,False
FLIGHT_04,log_211204_102045_EGLL.csv,E1 EGT2,8112,0,0.0,838.03,1643.76,1311.68,1291.44,172.73,1249.44,1511.15,False,False
FLIGHT_04,log_211204_102045_EGLL.csv,E1 EGT3,8112,0,0.0,886.16,1627.7,1290.81,1285.06,179.75,1228.33,1486.85,False,False
FLIGHT_04,log_211204_102045_EGLL.csv,E1 EGT4,8112,0,0.0,809.78,1607.08,1289.96,1273.6,166.96,1243.82,1479.42,False,False
FLIGHT_04,log_211204_102045_EGLL.csv,E1 EGT5,8112,0,0.0,797.49,1620.32,1307.25,1277.49,158.62,1246.67,1493.12,False,False
FLIGHT_04,log_211204_102045_EGLL.csv,E1 EGT6,8112,0,0.0,1.0,1576.64,1289.62,1270.74,146.27,1229.56,1459.88,False,False
FLIGHT_04,log_211204_102045_EGLL.csv,E1 TIT1,8111,1,0.012,856.07,1646.29,1296.67,1279.72,194.74,1238.72,1521.01,False,False
FLIGHT_04,log_211204_102045_EGLL.csv,E1 TIT2,8111,1,0.012,897.66,1683.55,1313.92,1305.0,206.94,1251.76,1537.91,False,False
FLIGHT_04,log_211204_102045_EGLL.csv,AltMSL,8113,0,0.0,12.6,3217.7,1875.56,2224.0,1184.16,573.9,3080.0,False,False
FLIGHT_04,log_211204_102045_EGLL.csv,IAS,8113,0,0.0,-0.32,165.85,101.55,115.92,53.63,95.94,143.63,False,True
FLIGHT_04,log_211204_102045_EGLL.csv,OAT,8111,0,0.0,-1.2,8.0,2.44,0.8,2.94,0.0,5.5,False,False
FLIGHT_04,log_211204_102045_EGLL.csv,volt1,8112,0,0.0,25.1,27.7,27.7,27.7,0.08,27.7,27.7,False,False
FLIGHT_04,log_211204_102045_EGLL.csv,amp1,8112,0,0.0,-7.1,3.5,1.64,1.6,0.74,1.1,2.0,False,False
FLIGHT_05,log_210613_032326_LCPH.csv,E1 RPM,10754,1,0.009,0.0,2505.6,2359.17,2495.7,430.2,2493.4,2497.4,False,False
FLIGHT_05,log_210613_032326_LCPH.csv,E1 MAP,10754,1,0.009,6.88,35.98,29.21,30.32,5.33,29.69,30.47,False,False
FLIGHT_05,log_210613_032326_LCPH.csv,E1 FFlow,10754,1,0.009,0.0,38.23,17.75,15.97,8.02,15.66,16.74,False,False
FLIGHT_05,log_210613_032326_LCPH.csv,E1 OilT,10754,1,0.009,77.51,195.67,168.11,168.04,17.33,165.19,174.7,False,False
FLIGHT_05,log_210613_032326_LCPH.csv,E1 OilP,10754,1,0.009,0.11,65.67,50.62,51.47,6.0,50.49,52.71,False,False
FLIGHT_05,log_210613_032326_LCPH.csv,E1 CHT1,10754,1,0.009,78.01,373.51,326.21,330.43,41.65,327.76,344.2,False,False
FLIGHT_05,log_210613_032326_LCPH.csv,E1 CHT2,10754,1,0.009,78.3,369.74,319.98,328.21,44.63,322.31,334.93,False,False
FLIGHT_05,log_210613_032326_LCPH.csv,E1 CHT3,10754,1,0.009,77.95,393.99,338.27,346.52,46.86,341.23,353.06,False,False
FLIGHT_05,log_210613_032326_LCPH.csv,E1 CHT4,10754,1,0.009,77.81,377.66,331.81,342.1,45.11,336.49,348.72,False,False
FLIGHT_05,log_210613_032326_LCPH.csv,E1 CHT5,10754,1,0.009,76.63,368.45,317.87,323.65,40.88,317.83,329.98,False,False
FLIGHT_05,log_210613_032326_LCPH.csv,E1 CHT6,10754,1,0.009,76.71,378.83,328.09,337.12,44.16,332.56,342.98,False,False
FLIGHT_05,log_210613_032326_LCPH.csv,E1 EGT1,10754,1,0.009,74.08,1607.82,1437.98,1512.25,189.07,1356.03,1523.09,False,False
FLIGHT_05,log_210613_032326_LCPH.csv,E1 EGT2,10754,1,0.009,74.08,1637.14,1457.21,1537.81,200.25,1358.04,1549.82,False,False
FLIGHT_05,log_210613_032326_LCPH.csv,E1 EGT3,10754,1,0.009,74.08,1624.27,1433.19,1501.12,189.45,1348.24,1515.65,False,False
FLIGHT_05,log_210613_032326_LCPH.csv,E1 EGT4,10754,1,0.009,74.08,1635.85,1462.24,1543.67,198.99,1342.28,1558.52,False,False
FLIGHT_05,log_210613_032326_LCPH.csv,E1 EGT5,10754,1,0.009,74.08,1582.01,1404.87,1468.49,175.92,1324.14,1484.07,False,False
FLIGHT_05,log_210613_032326_LCPH.csv,E1 EGT6,10754,1,0.009,74.08,1594.64,1429.3,1507.59,190.29,1300.58,1520.37,False,False
FLIGHT_05,log_210613_032326_LCPH.csv,E1 TIT1,10754,1,0.009,74.08,1686.28,1491.41,1586.68,220.86,1384.67,1595.42,False,False
FLIGHT_05,log_210613_032326_LCPH.csv,E1 TIT2,10754,1,0.009,74.08,1684.38,1486.89,1569.25,211.98,1408.78,1581.54,False,False
FLIGHT_05,log_210613_032326_LCPH.csv,AltMSL,10675,1,0.009,-124.2,18636.4,12712.47,16225.9,6768.52,6586.1,18560.3,False,True
FLIGHT_05,log_210613_032326_LCPH.csv,IAS,10754,1,0.009,-1.0,174.54,128.21,136.6,42.12,135.1,152.5,False,True
FLIGHT_05,log_210613_032326_LCPH.csv,OAT,10754,1,0.009,-13.2,24.5,-1.53,-7.8,12.38,-12.5,9.5,False,False
FLIGHT_05,log_210613_032326_LCPH.csv,volt1,10754,1,0.009,23.0,27.9,27.81,27.9,0.42,27.8,27.9,False,False
FLIGHT_05,log_210613_032326_LCPH.csv,amp1,10754,1,0.009,-20.4,8.0,1.67,1.6,1.41,1.4,1.8,False,False
